Marca,Nombre,Genero,Nombre de archivo requerido
Ariana Grande,Cloud EDP,Femenino,ariana-grande-cloud-edp.jpg
Ariana Grande,Ari,Femenino,ariana-grande-ari.jpg
Armaf,La Rosa Pour Femme (La Vie Est Belle),Femenino,armaf-la-rosa-pour-femme-la-vie-est-belle.jpg
Carolina Herrera,212 Heroes Woman,Femenino,carolina-herrera-212-heroes-woman.jpg
Carolina Herrera,GOOD GIRL EDP,Femenino,carolina-herrera-good-girl-edp.jpg
D&C,L'IMPERATRICE,Femenino,d-c-l-imperatrice.jpg
D&C,Light Blue EDT,Femenino,d-c-light-blue-edt.jpg
Guess,1981 Women,Femenino,guess-1981-women.jpg
Lattafa,HAYA EDP,Femenino,lattafa-haya-edp.jpg
Lattafa,RAVE NOW PINK (Burberry Her),Femenino,lattafa-rave-now-pink-burberry-her.jpg
Lattafa,Rave Now White,Femenino,lattafa-rave-now-white.jpg
Lattafa,Mayar Natural Intense EDP,Femenino,lattafa-mayar-natural-intense-edp.jpg
Lattafa,Eclaire EDP (Bianco Latte),Femenino,lattafa-eclaire-edp-bianco-latte.jpg
Lattafa,Yara EDP,Femenino,lattafa-yara-edp.jpg
Lattafa,Yara Candy,Femenino,lattafa-yara-candy.jpg
Maison Alhambra,COMO MOISELLE (Coco Mademoiselle),Femenino,maison-alhambra-como-moiselle-coco-mademoiselle.jpg
Maison Alhambra,Delilah Pour Femme,Femenino,maison-alhambra-delilah-pour-femme.jpg
Maison Alhambra,B.A.D. FEMME (CH God Girl EDP),Femenino,maison-alhambra-b-a-d-femme-ch-god-girl-edp.jpg
Maison Alhambra,Leonie EDP (LIBRE YSL),Femenino,maison-alhambra-leonie-edp-libre-ysl.jpg
Mont Blanc,Signature,Femenino,mont-blanc-signature.jpg
Moschino,Toy 2 Pearl,Femenino,moschino-toy-2-pearl.jpg
Moschino,Toy 2,Femenino,moschino-toy-2.jpg
Versace,Bright Crystal,Femenino,versace-bright-crystal.jpg
Versace,Eros Pour Femme EDT,Femenino,versace-eros-pour-femme-edt.jpg
Yves Saint Laurent,Libre EDT,Femenino,yves-saint-laurent-libre-edt.jpg
Armaf,Club De Nuit Sillage (Silver Mountain Water),Unisex,armaf-club-de-nuit-sillage-silver-mountain-water.jpg
Armaf,Club De Nuit Untold,Unisex,armaf-club-de-nuit-untold.jpg
Calvin klein,CK Everyone EDT,Unisex,calvin-klein-ck-everyone-edt.jpg
Calvin klein,CK One,Unisex,calvin-klein-ck-one.jpg
Lattafa,Khamrah Qahwa,Unisex,lattafa-khamrah-qahwa.jpg
Lattafa,Opulent Dubai (God Of Fire),Unisex,lattafa-opulent-dubai-god-of-fire.jpg
Maison Alhambra,Jean Lowe Azure (LV Afternoon Swim),Unisex,maison-alhambra-jean-lowe-azure-lv-afternoon-swim.jpg
Maison Alhambra,Jean Lowe Vibe(LV Pacific Chill),Unisex,maison-alhambra-jean-lowe-vibe-lv-pacific-chill.jpg
Maison Alhambra,Sceptre Malachite (God Of Fire),Unisex,maison-alhambra-sceptre-malachite-god-of-fire.jpg
Al Haramain,Amber Oud Gold Edition Extreme,Masculino,al-haramain-amber-oud-gold-edition-extreme.jpg
Al Haramain,L´Aventure (Creed Aventus),Masculino,al-haramain-l-aventure-creed-aventus.jpg
Afnan,Turathi Blue (Bvlgari Tygar),Masculino,afnan-turathi-blue-bvlgari-tygar.jpg
Afnan,9pm (JPG Ultra Male),Masculino,afnan-9pm-jpg-ultra-male.jpg
Afnan,9pm rebel,Masculino,afnan-9pm-rebel.jpg
Afnan,9am Dive,Masculino,afnan-9am-dive.jpg
Armaf,Odyssey Artisto (JPG LE BEAU EDP),Masculino,armaf-odyssey-artisto-jpg-le-beau-edp.jpg
Armaf,Odyssey Mega ( YSL Y EDP),Masculino,armaf-odyssey-mega-ysl-y-edp.jpg
Armaf,Mandarin Sky (SCANDAL EDT),Masculino,armaf-mandarin-sky-scandal-edt.jpg
Armaf,Odyssey Limoni,Masculino,armaf-odyssey-limoni.jpg
Armaf,Odyssey Homme White (SWY EDT),Masculino,armaf-odyssey-homme-white-swy-edt.jpg
Armaf,Club De Nuit Iconic (Bleu de Channel),Masculino,armaf-club-de-nuit-iconic-bleu-de-channel.jpg
Armaf,Urban Man Elixir,Masculino,armaf-urban-man-elixir.jpg
Armaf,Ventana Marine,Masculino,armaf-ventana-marine.jpg
Azzaro,Most Wanted Intense EDT,Masculino,azzaro-most-wanted-intense-edt.jpg
Azzaro,Most Wanted Intense EDP,Masculino,azzaro-most-wanted-intense-edp.jpg
Azzaro,Wanted By Night,Masculino,azzaro-wanted-by-night.jpg
Banana Republic,Cypress Cedar,Masculino,banana-republic-cypress-cedar.jpg
Carolina Herrera,212 VIP BLACK,Masculino,carolina-herrera-212-vip-black.jpg
Carolina Herrera,BADBOY COBALT,Masculino,carolina-herrera-badboy-cobalt.jpg
Dior,Sauvage Dior Parfum,Masculino,dior-sauvage-dior-parfum.jpg
Dumont,Nitro Red,Masculino,dumont-nitro-red.jpg
Emper,Intimation,Masculino,emper-intimation.jpg
Emper,Stallion 53 (Santal 33),Masculino,emper-stallion-53-santal-33.jpg
Fragance World,Imperium,Masculino,fragance-world-imperium.jpg
French Avenue,Liquid Brun (PDM Althair),Masculino,french-avenue-liquid-brun-pdm-althair.jpg
Fraiche,JPG Le male Fraiche,Masculino,fraiche-jpg-le-male-fraiche.jpg
Giorgio Armani,Acqua Di Gio EDP,Masculino,giorgio-armani-acqua-di-gio-edp.jpg
Giorgio Armani,Acqua Di Gio Absolu,Masculino,giorgio-armani-acqua-di-gio-absolu.jpg
Giorgio Armani,Stronger With You EDT,Masculino,giorgio-armani-stronger-with-you-edt.jpg
Giorgio Armani,Stronger With You Intensly,Masculino,giorgio-armani-stronger-with-you-intensly.jpg
Guerlain,L´Homme Ideal,Masculino,guerlain-l-homme-ideal.jpg
Guess,1981 Men,Masculino,guess-1981-men.jpg
Jean Paul Gaultier,Le Beau Le Parfum,Masculino,jean-paul-gaultier-le-beau-le-parfum.jpg
Jean Paul Gaultier,Le Beau Paradise Garden,Masculino,jean-paul-gaultier-le-beau-paradise-garden.jpg
Jean Paul Gaultier,Le Beau EDT,Masculino,jean-paul-gaultier-le-beau-edt.jpg
Jean Paul Gaultier,Le Male EDT,Masculino,jean-paul-gaultier-le-male-edt.jpg
Jean Paul Gaultier,Ultra Male,Masculino,jean-paul-gaultier-ultra-male.jpg
Jean Paul Gaultier,Le Male Elixir,Masculino,jean-paul-gaultier-le-male-elixir.jpg
Jean Paul Gaultier,Le Male Le Parfum,Masculino,jean-paul-gaultier-le-male-le-parfum.jpg
Jean Paul Gaultier,Scandal Parfum,Masculino,jean-paul-gaultier-scandal-parfum.jpg
Lacoste,Blanc EDT,Masculino,lacoste-blanc-edt.jpg
Lattafa,Vintage Radio,Masculino,lattafa-vintage-radio.jpg
Lattafa,Liam Blue Shine,Masculino,lattafa-liam-blue-shine.jpg
Lattafa,Ramz Silver EDP (9pm),Masculino,lattafa-ramz-silver-edp-9pm.jpg
Lattafa,Fakhar Black (Y YSL),Masculino,lattafa-fakhar-black-y-ysl.jpg
Lattafa,Asad (Sauvage Elixir),Masculino,lattafa-asad-sauvage-elixir.jpg
Lattafa,Asad Bourbon,Masculino,lattafa-asad-bourbon.jpg
Lattafa,Pisa (LV Afternoon Swim),Masculino,lattafa-pisa-lv-afternoon-swim.jpg
Lattafa,Najdia Intense (JPG Le Beau Paradise Garden),Masculino,lattafa-najdia-intense-jpg-le-beau-paradise-garden.jpg
Maison Alhambra,Jean Lowe Immortel (LV L´Immensité),Masculino,maison-alhambra-jean-lowe-immortel-lv-l-immensite.jpg
Maison Alhambra,MINDSET EDP,Masculino,maison-alhambra-mindset-edp.jpg
Maison Alhambra,Yeah! Man ( YSL Y EDP),Masculino,maison-alhambra-yeah-man-ysl-y-edp.jpg
Maison Alhambra,Yeah! Man Parfum ( YSL Y Parfum),Masculino,maison-alhambra-yeah-man-parfum-ysl-y-parfum.jpg
Maison Alhambra,Victorioso Myth (Invictus Legend),Masculino,maison-alhambra-victorioso-myth-invictus-legend.jpg
Maison Alhambra,Salvo EDP (Sauvage EDT),Masculino,maison-alhambra-salvo-edp-sauvage-edt.jpg
Mast Perfumes,Rome Pour Homme (Valentino BIR),Masculino,mast-perfumes-rome-pour-homme-valentino-bir.jpg
Mont Blanc,Legend EDP,Masculino,mont-blanc-legend-edp.jpg
Mont Blanc,Legend Spirit,Masculino,mont-blanc-legend-spirit.jpg
Mont Blanc,Explorer (Creed Aventus),Masculino,mont-blanc-explorer-creed-aventus.jpg
Nautica,Voyage,Masculino,nautica-voyage.jpg
Paco Rabane,Invictus EDT,Masculino,paco-rabane-invictus-edt.jpg
Paco Rabane,Invictus Parfum,Masculino,paco-rabane-invictus-parfum.jpg
Paco Rabane,One Million Lucky,Masculino,paco-rabane-one-million-lucky.jpg
Ralph Lauren,Polo Blue EDT,Masculino,ralph-lauren-polo-blue-edt.jpg
Rasasi,Hawas,Masculino,rasasi-hawas.jpg
Rasasi,Hawas Ice,Masculino,rasasi-hawas-ice.jpg
Rasasi,Hawas Fire,Masculino,rasasi-hawas-fire.jpg
Rasasi,Hawas Elixir (JPG Le Male Elixir),Masculino,rasasi-hawas-elixir-jpg-le-male-elixir.jpg
Rasasi,Hawas Kobra (LV Imagination),Masculino,rasasi-hawas-kobra-lv-imagination.jpg
Rasasi,Hawas Malibu (JPG Le Beau EDT),Masculino,rasasi-hawas-malibu-jpg-le-beau-edt.jpg
Valentino,Uomo Born in Roma,Masculino,valentino-uomo-born-in-roma.jpg
Valentino,Born in Roma Intense,Masculino,valentino-born-in-roma-intense.jpg
Valentino,Green Stravaganza,Masculino,valentino-green-stravaganza.jpg
Versace,Eros EDT,Masculino,versace-eros-edt.jpg
Versace,Eros Flame,Masculino,versace-eros-flame.jpg
Versace,Dylan Blue Pour Homme,Masculino,versace-dylan-blue-pour-homme.jpg
Versace,Pour Homme,Masculino,versace-pour-homme.jpg
Yves Saint Laurent,Myslf EDP,Masculino,yves-saint-laurent-myslf-edp.jpg
Yves Saint Laurent,Y EDP,Masculino,yves-saint-laurent-y-edp.jpg
Yves Saint Laurent,Y EDT,Masculino,yves-saint-laurent-y-edt.jpg
Antonio Banderas,King Of Seduction EDT,Masculino,antonio-banderas-king-of-seduction-edt.jpg
Azzaro,Azzaro Chrome Parfum,Masculino,azzaro-azzaro-chrome-parfum.jpg
Maison Alhambra,Olivia EDP,Femenino,maison-alhambra-olivia-edp.jpg
,Nautica Voyage 200ml,Masculino,nautica-voyage-200ml.jpg
,Acqua Di Gio EDT Set 2pz,Masculino,acqua-di-gio-edt-set-2pz.jpg
